"kategorie","poi_id","name","laengengrad","breitengrad","adresse","plz","ort","access","fee","wheelchair","opening_hours","operator","beschreibung","solar_anzahl_werte","solar_durchschnitt_april_bis_september_w_m2","solar_median_april_bis_september_w_m2","solar_minimum_w_m2","solar_minimum_zeitpunkt","solar_maximum_w_m2","solar_maximum_zeitpunkt","link_komplexe_karte_popup","solar_0401_08_w_m2","solar_0401_09_w_m2","solar_0401_10_w_m2","solar_0401_11_w_m2","solar_0401_12_w_m2","solar_0401_13_w_m2","solar_0401_14_w_m2","solar_0401_15_w_m2","solar_0401_16_w_m2","solar_0401_17_w_m2","solar_0401_18_w_m2","solar_0401_19_w_m2","solar_0401_20_w_m2","solar_0415_08_w_m2","solar_0415_09_w_m2","solar_0415_10_w_m2","solar_0415_11_w_m2","solar_0415_12_w_m2","solar_0415_13_w_m2","solar_0415_14_w_m2","solar_0415_15_w_m2","solar_0415_16_w_m2","solar_0415_17_w_m2","solar_0415_18_w_m2","solar_0415_19_w_m2","solar_0415_20_w_m2","solar_0501_08_w_m2","solar_0501_09_w_m2","solar_0501_10_w_m2","solar_0501_11_w_m2","solar_0501_12_w_m2","solar_0501_13_w_m2","solar_0501_14_w_m2","solar_0501_15_w_m2","solar_0501_16_w_m2","solar_0501_17_w_m2","solar_0501_18_w_m2","solar_0501_19_w_m2","solar_0501_20_w_m2","solar_0515_08_w_m2","solar_0515_09_w_m2","solar_0515_10_w_m2","solar_0515_11_w_m2","solar_0515_12_w_m2","solar_0515_13_w_m2","solar_0515_14_w_m2","solar_0515_15_w_m2","solar_0515_16_w_m2","solar_0515_17_w_m2","solar_0515_18_w_m2","solar_0515_19_w_m2","solar_0515_20_w_m2","solar_0601_08_w_m2","solar_0601_09_w_m2","solar_0601_10_w_m2","solar_0601_11_w_m2","solar_0601_12_w_m2","solar_0601_13_w_m2","solar_0601_14_w_m2","solar_0601_15_w_m2","solar_0601_16_w_m2","solar_0601_17_w_m2","solar_0601_18_w_m2","solar_0601_19_w_m2","solar_0601_20_w_m2","solar_0615_08_w_m2","solar_0615_09_w_m2","solar_0615_10_w_m2","solar_0615_11_w_m2","solar_0615_12_w_m2","solar_0615_13_w_m2","solar_0615_14_w_m2","solar_0615_15_w_m2","solar_0615_16_w_m2","solar_0615_17_w_m2","solar_0615_18_w_m2","solar_0615_19_w_m2","solar_0615_20_w_m2","solar_0701_08_w_m2","solar_0701_09_w_m2","solar_0701_10_w_m2","solar_0701_11_w_m2","solar_0701_12_w_m2","solar_0701_13_w_m2","solar_0701_14_w_m2","solar_0701_15_w_m2","solar_0701_16_w_m2","solar_0701_17_w_m2","solar_0701_18_w_m2","solar_0701_19_w_m2","solar_0701_20_w_m2","solar_0715_08_w_m2","solar_0715_09_w_m2","solar_0715_10_w_m2","solar_0715_11_w_m2","solar_0715_12_w_m2","solar_0715_13_w_m2","solar_0715_14_w_m2","solar_0715_15_w_m2","solar_0715_16_w_m2","solar_0715_17_w_m2","solar_0715_18_w_m2","solar_0715_19_w_m2","solar_0715_20_w_m2","solar_0801_08_w_m2","solar_0801_09_w_m2","solar_0801_10_w_m2","solar_0801_11_w_m2","solar_0801_12_w_m2","solar_0801_13_w_m2","solar_0801_14_w_m2","solar_0801_15_w_m2","solar_0801_16_w_m2","solar_0801_17_w_m2","solar_0801_18_w_m2","solar_0801_19_w_m2","solar_0801_20_w_m2","solar_0815_08_w_m2","solar_0815_09_w_m2","solar_0815_10_w_m2","solar_0815_11_w_m2","solar_0815_12_w_m2","solar_0815_13_w_m2","solar_0815_14_w_m2","solar_0815_15_w_m2","solar_0815_16_w_m2","solar_0815_17_w_m2","solar_0815_18_w_m2","solar_0815_19_w_m2","solar_0815_20_w_m2","solar_0901_08_w_m2","solar_0901_09_w_m2","solar_0901_10_w_m2","solar_0901_11_w_m2","solar_0901_12_w_m2","solar_0901_13_w_m2","solar_0901_14_w_m2","solar_0901_15_w_m2","solar_0901_16_w_m2","solar_0901_17_w_m2","solar_0901_18_w_m2","solar_0901_19_w_m2","solar_0901_20_w_m2","solar_0915_08_w_m2","solar_0915_09_w_m2","solar_0915_10_w_m2","solar_0915_11_w_m2","solar_0915_12_w_m2","solar_0915_13_w_m2","solar_0915_14_w_m2","solar_0915_15_w_m2","solar_0915_16_w_m2","solar_0915_17_w_m2","solar_0915_18_w_m2","solar_0915_19_w_m2","solar_0915_20_w_m2"
"Spielplatz","playground-0","","8.805521","49.386297","","","","yes","","","","","","156","285.92","277.774","0","01.04. 19:00","626.04","15.06. 12:00","https://kfg-gis-2026.github.io/web-map/?lng=8.805521&lat=49.386297&z=16.50&ansicht=komplex&lang=de&poi=playground-0&skipIntro=1","144.453","192.843","315.016","388.941","460.135","403.074","368.984","277.381","175.261","88.669","22.113","0","0","170.712","227.818","358.099","462.956","496.216","472.712","413.721","313.276","206.47","110.753","46.72","0","0","195.48","263.394","411.911","503.289","545.428","517.568","449.495","335.234","235.675","140.901","66.555","16.159","0","236.938","327.521","439.092","540.042","578.138","559.413","463.688","368.786","264.821","157.958","77.319","27.098","0","250.853","354.585","478.171","566.501","609.611","582.968","503.668","394.651","284.457","159.332","94.19","50.146","0","259.819","364.749","489.125","574.512","626.04","585.864","526.828","404.253","278.167","185.963","97.457","54.735","8.398","255.405","363.521","487.586","572.687","624.11","584.12","525.18","402.961","277.094","185.051","96.732","53.913","0","246.138","348.059","473.043","553.993","600.142","576.841","491.109","390.439","267.365","157.083","92.226","47.683","0","226.523","299.155","427.629","531.746","565.464","541.202","461.409","351.851","263.347","154.102","74.279","24.585","0","184.313","254.768","411.003","486.79","530.536","505.733","447.901","327.945","229.933","127.251","62.609","13.052","0","155.58","216.09","345.014","428.343","477.044","448.565","398.034","298.054","197.855","107.259","34.117","0","0","130.467","184.346","302.624","376.406","424.336","390.153","356.359","259.521","169.857","87.038","17.646","0","0"
"Spielplatz","playground-1","Generationengarten","8.803481","49.379943","","","","yes","","","","","","156","356.382","395.379","0","01.04. 19:00","685.349","15.06. 12:00","https://kfg-gis-2026.github.io/web-map/?lng=8.803481&lat=49.379943&z=16.50&ansicht=komplex&lang=de&poi=playground-1&skipIntro=1","128.605","272.626","403.48","481.743","553.653","541.951","482.609","406.845","291.199","155.885","22.13","0","0","199.126","325.125","439.074","525.72","601.67","580.245","537.173","452.067","340.911","194.947","36.452","0","0","240.049","354.816","488.856","570.101","627.038","615.885","582.454","503.711","383.52","247.781","104.87","16.164","0","264.788","377.461","496.582","586.569","648.749","643.672","589.937","523.328","405.826","277.463","128.415","27.112","0","292.338","397.688","509.013","622.469","682.821","659.168","606.852","532.26","413.435","289.135","143.636","35.63","0","301.087","405.988","517.338","643.321","685.349","661.322","615.18","540.932","427.291","300.448","153.002","48.936","8.389","299.657","404.246","515.527","641.34","683.356","659.436","613.437","539.283","425.681","298.962","151.877","41.065","0","284.767","393.07","504.113","608.378","677.415","646.577","593.366","527.802","409.194","285.171","144.626","34.107","0","258.345","369.789","498.225","577.437","639.687","620.47","588.067","515.449","392.976","271.09","128.98","24.597","0","229.77","345.669","472.529","551.946","615.288","604.385","571.134","493.316","362.384","229.488","89.011","13.055","0","187.324","310.576","424.585","505.669","578.74","564.836","521.707","432.726","319.575","179.577","32.266","0","0","103.369","261.142","383.257","465.82","527.407","524.765","465.268","390.828","272.877","108.668","17.661","0","0"
"Spielplatz","playground-2","","8.804682","49.382044","","","","yes","","no","","","","156","281.439","322.66","0","01.04. 19:00","524.178","15.06. 12:00","https://kfg-gis-2026.github.io/web-map/?lng=8.804682&lat=49.382044&z=16.50&ansicht=komplex&lang=de&poi=playground-2&skipIntro=1","208.233","288.054","336.45","362.243","386.77","360.364","322.401","272.205","189.794","109.562","20.526","0","0","249.336","326.548","378.65","401.022","424.587","399.536","362.656","309.743","223.358","144.822","34.276","0","0","284.915","352.206","414.869","436.018","465.552","449.728","395.792","333.079","258.734","176.606","94.657","14.994","0","310.551","376.147","439.288","456.098","495.997","479.073","418.925","356.804","281.184","199.524","118.62","25.148","0","332.033","396.054","456.493","476.128","512.977","495.858","437.062","379.278","307.315","218.975","140.26","56.451","0","343.508","400.673","459.875","476.217","524.178","492.441","442.379","387.05","314.268","227.753","151.078","72.683","7.786","338.655","398.652","458.251","474.611","520.909","490.729","440.782","383.801","312.82","225.749","149.841","69.928","0","327.869","390.381","450.604","467.761","507.68","489.573","429.194","375.175","299.98","214.673","137.401","49.815","0","300.45","365.446","429.884","448.811","483.133","469.72","414.714","348.741","274.413","193.185","114.3","22.816","0","276.682","339.645","402.199","424.288","455.715","437.68","386.651","322.919","251.216","170.099","86.48","12.111","0","233.857","311.425","365.516","389.262","408.572","386.13","346.433","297.902","208.314","133.139","29.927","0","0","194.582","270.226","317.49","347.333","362.693","350.138","311.157","258.403","176.882","98.238","16.38","0","0"
"Spielplatz","playground-3","Ziegelhütte-Leinpfad","8.786819","49.394985","","","","","","","08:00-13:00,15:00-20:00","","","156","345.864","366.718","0","01.04. 19:00","729.54","15.06. 12:00","https://kfg-gis-2026.github.io/web-map/?lng=8.786819&lat=49.394985&z=16.50&ansicht=komplex&lang=de&poi=playground-3&skipIntro=1","107.08","197.987","315.567","401.515","461.53","462.373","432.56","350.394","239.074","109.246","25.313","0","0","135.269","254.719","390.771","498.45","533.839","555.89","507.726","425.895","309.129","153.815","41.696","0","0","176.716","325.4","471.765","563.995","622.401","633.119","580.942","475.289","361.897","201.849","56.459","18.51","0","252.425","369.841","517.99","610.581","672.234","670.969","622.451","521.097","401.243","241.023","97.307","31.032","0","301.11","424.824","560.799","667.724","711.502","701.864","651.29","564.031","431.954","255.297","119.221","40.775","0","337.927","448.046","579.417","662.838","729.54","706.255","669.288","578.711","437.555","271.933","129.021","44.376","9.636","315.508","446.301","577.33","660.567","726.996","703.71","662.874","576.02","435.055","270.002","126.659","43.725","0","287.955","416.429","548.962","657.438","704.75","693.573","644.217","548.276","421.198","254.102","117.802","39.033","0","228.06","354.244","497.513","597.549","661.13","656.045","607.441","504.696","388.454","227.55","92.609","28.155","0","170.532","311.303","462.745","554.65","596.468","611.965","568.584","457.898","348.828","188.789","53.243","14.954","0","129.007","234.871","363.594","451.678","514.121","526.436","482.193","400.424","282.096","138.902","36.907","0","0","102.674","173.515","298.165","392.858","431.177","444.713","404.638","322.668","222.01","78.692","20.2","0","0"
"Spielplatz","playground-4","Reichensteinstraße 40","8.799982","49.386147","","","","yes","","","","","","156","380.058","400.99","0","01.04. 19:00","786.562","15.06. 10:00","https://kfg-gis-2026.github.io/web-map/?lng=8.799982&lat=49.386147&z=16.50&ansicht=komplex&lang=de&poi=playground-4&skipIntro=1","480.007","602.647","673.48","641.217","604.49","466.098","343.253","231.114","119.739","59.78","22.308","0","0","538.801","662.157","720.176","705.338","641.676","532.132","372.534","265.601","163.453","76.669","36.744","0","0","580.307","691.873","758.493","739.666","674.434","589.227","400.19","270.962","164.323","93.654","50.578","16.301","0","605.211","711.023","771.8","759.305","699.216","603.081","401.789","283.189","186.772","104.661","58.666","27.336","0","620.989","735.511","784.566","767.065","707.224","616.918","408.494","296.851","189.091","111.238","66.875","36.297","0","633.644","738.596","786.562","768.466","720.11","619.162","434.329","304.268","199.624","135.513","69.424","39.564","8.471","631.385","736.375","784.392","766.428","718.108","617.351","432.99","303.096","198.696","134.725","68.872","38.974","0","614.867","722.804","778.56","761.421","701.88","612.022","405.078","282.25","186.674","109.567","63.934","34.724","0","594.439","700.431","764.393","749.259","689.76","594.65","404.884","277.971","178.576","101.858","55.743","24.801","0","566.056","677.726","744.196","726.307","662.12","564.454","392.155","264.266","159.687","90.652","47.647","13.167","0","517.573","632.496","700.046","686.694","619.076","501.088","361.684","250.609","136.861","74.131","32.524","0","0","438.351","579.754","650.928","621.06","549.831","451.369","331.411","216.006","113.793","55.277","17.802","0","0"
"Spielplatz","playground-5","Menzerpark Dilsberger Straße","8.801722","49.393425","","","","yes","","yes","08:00-13:00,15:00-20:00","","","156","336.022","345.402","0","01.04. 19:00","711.94","15.06. 12:00","https://kfg-gis-2026.github.io/web-map/?lng=8.801722&lat=49.393425&z=16.50&ansicht=komplex&lang=de&poi=playground-5&skipIntro=1","185.501","319.524","412.74","484.193","506.157","465.52","390.591","258.552","147.268","78.927","23.746","0","0","236.022","381.477","482.907","563.609","578.986","533.119","453.358","313.33","189.118","113.958","46.168","0","0","284.203","429.399","551.224","614.787","632.643","587.33","508.493","358.837","226.44","146.893","69.67","17.361","0","317.802","456.878","567.147","641.49","671.473","631.482","530.06","397.609","263.862","167.574","90.826","29.108","0","345.1","483.953","585.764","667.248","692.406","657.117","556.567","434.761","285.877","179.046","110.136","55.917","0","345.703","489.067","599.595","681.846","711.94","661.38","573.241","442.661","302.281","199.081","117.155","61.742","9.035","344.096","487.125","590.023","679.578","709.612","659.164","567.478","440.914","294.733","198.029","116.29","60.519","0","337.626","473.128","580.154","658.92","686.193","651.055","555.123","422.216","281.261","176.529","105.175","53.402","0","306.32","446.665","570.249","631.272","658.716","618.99","531.573","381.073","255.022","161.302","82.922","26.409","0","266.266","415.062","541.763","592.55","619.478","572.018","504.081","342.523","218.306","135.792","65.003","14.026","0","211.784","355.499","463.616","532.417","547.643","507.921","431.41","298.066","178.681","99.608","34.621","0","0","169.74","291.829","394.021","467.081","465.338","441.799","368.547","241.768","135.168","72.283","18.949","0","0"
"Spielplatz","playground-6","","8.842177","49.392018","","","","","","","","","","156","377.983","423.625","0","01.04. 19:00","699.042","15.06. 12:00","https://kfg-gis-2026.github.io/web-map/?lng=8.842177&lat=49.392018&z=16.50&ansicht=komplex&lang=de&poi=playground-6&skipIntro=1","176.939","311.259","383.046","474.823","516.041","514.877","454.822","391.772","291.511","166.211","24.168","0","0","233.98","365.356","452.572","531.867","578.949","569.007","528.354","444.535","340.411","229.077","77.171","0","0","310.089","418.91","505.288","582.773","624.672","628.043","573.813","490.977","393.885","281.378","131.437","17.306","0","347.31","459.215","535.172","625.437","667.979","652.125","603.547","516.32","427.503","310.625","160.23","48.743","0","379.179","491.069","573.049","656.728","685.54","679.077","636.963","551.207","455.386","335.938","188.106","72.347","0","400.839","497.084","589.97","662.237","699.042","684.466","645.678","563.657","462.815","335.806","196.093","82.365","9.004","398.652","494.938","581.72","659.822","696.509","681.984","643.234","561.294","460.583","330.577","194.437","81.004","0","373.649","485.312","567.084","650.167","678.79","672.431","630.394","544.954","449.368","330.353","184.968","68.886","0","336.71","449.817","537.487","614.578","643.761","640.951","603.289","506.049","413.549","301.515","154.591","43.048","0","297.151","401.039","492.836","569.183","610.632","613.768","560.143","478.151","382.294","268.732","119.656","13.98","0","208.595","350.03","426.484","508.873","548.71","550.023","509.828","420.766","324.89","209.004","45.085","0","0","162.791","294.505","355.519","447.579","483.133","494.864","436.616","374.554","269.513","147.977","18.89","0","0"
"Spielplatz","playground-7","","8.808989","49.393839","","","","customers","","yes","","","","156","391.141","431.078","0","01.04. 19:00","781.624","15.06. 12:00","https://kfg-gis-2026.github.io/web-map/?lng=8.808989&lat=49.393839&z=16.50&ansicht=komplex&lang=de&poi=playground-7&skipIntro=1","306.292","428.5","486.46","460.601","481.841","393.962","345.574","274.83","171.138","81.074","26.308","0","0","387.116","504.567","571.939","577.626","572.986","521.231","433.656","336.969","238.615","137.223","54.577","0","0","451.492","572.499","655.647","668.464","666.511","609.128","530.851","404.75","290.804","202.053","94.81","19.236","0","494.293","611.681","694.784","711.787","713.15","670.797","580.693","462.77","332.662","229.287","132.55","32.25","0","527.882","646.753","721.951","762.099","770.603","735.517","634.454","514.526","364.398","255.792","158.752","42.376","0","539.865","657.544","741.369","770.092","781.624","739.092","654.299","532.469","375.75","293.895","168.193","59.007","10.012","536.714","654.339","727.966","767.041","778.573","736.157","651.488","529.95","373.735","291.762","166.346","53.769","0","519.526","633.41","713.49","739.704","762.451","710.651","623.024","491.931","354.854","248.396","151.565","40.566","0","480.528","597.86","677.772","698.574","700.09","654.133","558.324","442.731","320.79","221.372","115.665","29.26","0","434.706","554.938","637.799","649.562","644.544","591.851","521.912","392.977","280.953","187.192","84.594","15.54","0","348.448","471.409","548.678","550.277","527.354","472.377","399.057","296.19","219.504","118.654","45.274","0","0","284.855","404.654","463.327","437.141","411.145","377.936","321.816","243.115","149.664","70.718","20.995","0","0"
"Spielplatz","playground-8","Unterer Eulenscheich 21","8.765770","49.376623","","","","","","","","","","156","288.862","331.427","0","01.04. 19:00","575.716","15.06. 12:00","https://kfg-gis-2026.github.io/web-map/?lng=8.765770&lat=49.376623&z=16.50&ansicht=komplex&lang=de&poi=playground-8&skipIntro=1","211.424","294.338","352.836","380.1","403.806","360.022","316.735","261.917","180.018","72.19","21.344","0","0","262.205","337.406","386.921","414.863","452.349","418.126","357.911","301.776","211.387","122.581","40.016","0","0","300.56","383.148","432.645","460.06","500.381","457.509","406.482","335.548","254.276","153.045","69.67","15.585","0","321.821","408.291","455.276","509.637","532.655","496.331","429.57","370.141","283.337","179.117","88.616","26.145","0","356.495","427.15","481.477","536.415","558.013","521.318","471.832","397.694","298.066","198.055","99.66","34.36","0","353.998","431.157","498.327","548.181","575.716","526.477","476.073","405.496","300.504","197.352","105.5","37.397","8.084","352.51","429.522","496.677","546.441","573.857","524.68","474.294","400.506","299.127","196.212","104.608","36.848","0","352.452","422.158","477.068","531.771","548.54","507.477","464.048","382.114","294.337","192.43","100.188","32.892","0","315.364","396.449","449.013","487.221","519.706","484.671","418.309","355.405","270.148","169.419","86.486","23.719","0","292.602","374.027","418.334","439.757","484.676","442.649","393.886","327.307","246.406","141.189","63.339","12.587","0","243.592","317.659","375.381","399.651","433.15","405.888","343.213","286.452","200.796","113.967","31.119","0","0","199.365","272.364","336.79","363.385","378.746","340.288","300.759","247.864","165.075","61.639","17.033","0","0"
"Spielplatz","playground-9","Mühlgasse 18","8.798101","49.391539","","","","yes","","","","","","156","308.964","297.687","0","01.04. 19:00","686.341","15.06. 10:00","https://kfg-gis-2026.github.io/web-map/?lng=8.798101&lat=49.391539&z=16.50&ansicht=komplex&lang=de&poi=playground-9&skipIntro=1","180.13","401.341","467.027","441.318","448.664","350.118","258.689","125.902","87.27","60.166","23.856","0","0","300.233","482.647","530.31","523.669","504.277","433.373","323.654","154.503","101.189","71.945","39.295","0","0","415.431","557.404","593.222","582.803","562.793","498.837","381.078","185.5","117.052","82.858","53.207","17.44","0","474.915","607.513","633.515","628.497","613.191","547.471","402.162","220.845","137.763","89.308","62.009","29.241","0","515.98","641.134","670.22","669.405","649.463","581.454","447.353","247.843","146.091","96.183","68.655","38.423","0","541.299","647.993","686.341","674.024","660.218","589.697","467.725","263.027","157.933","100.136","71.028","41.816","9.073","538.82","645.408","678.304","671.717","657.896","587.572","460.687","262","153.841","99.605","70.5","41.203","0","509.582","634.12","655.091","657.387","643.26","575.714","435.127","245.215","141.152","94.855","67.293","36.781","0","458.275","583.125","610.406","618.242","603.07","538.142","406.762","210.989","132.045","87.137","59.613","26.529","0","397.858","539.425","579.579","567.798","550.311","486.335","363.471","177.489","114.126","80.07","50.177","14.088","0","264.594","449.844","512.028","485.376","476.172","403.785","295.141","155.104","98.765","67.966","34.782","0","0","162.324","376.873","439.76","430.033","396.667","334.798","234.916","116.953","83.364","55.788","19.037","0","0"
"Spielplatz","playground-10","Schulstraße 26","8.772786","49.375541","","","","","","","","","","156","386.006","403.748","0","01.04. 19:00","780.674","15.06. 12:00","https://kfg-gis-2026.github.io/web-map/?lng=8.772786&lat=49.375541&z=16.50&ansicht=komplex&lang=de&poi=playground-10&skipIntro=1","117.706","210.825","335.426","468.422","579.905","554.548","495.104","369.49","280.313","157.627","25.069","0","0","169.862","270.299","405.621","560.306","637.73","656.885","575.831","476.674","374.039","207.79","54.143","0","0","211.237","337.053","500.446","638.433","701.234","707.436","654.207","540.291","418.816","281.163","94.2","18.304","0","241.985","372.249","532.683","669.137","736.337","738.964","692.486","597.234","473.844","323.822","140.246","30.706","0","266.384","422.311","549.724","688.323","755.947","759.192","714.873","638.077","497.124","351.736","177.118","50.394","0","288.604","440.83","578.726","710.236","780.674","765.54","735.538","646.125","516.405","392.208","196.788","66.568","9.492","287.213","438.967","576.477","707.662","777.739","762.752","732.653","643.362","513.792","389.661","195.111","65.195","0","259.957","402.126","543.946","681.521","748.449","751.613","707.212","619.482","490.291","345.531","166.389","47.532","0","231.191","357.801","526.651","657.692","723.767","726.003","676.487","578.872","452.477","313.727","126.263","28.625","0","200.47","319.692","488.323","617.275","685.454","691.007","637.832","525.678","405.37","265.998","77.33","14.782","0","142.038","241.039","385.92","518.908","610.193","616.645","554.539","430.008","338.323","192.599","44.247","0","0","103.817","193.062","308.484","439.492","518.833","533.225","461.092","346.482","260.134","139.427","20.006","0","0"
"Spielplatz","playground-11","","8.804188","49.391654","","","","","","no","","","","156","310.204","335.371","0","01.04. 19:00","565.55","15.06. 12:00","https://kfg-gis-2026.github.io/web-map/?lng=8.804188&lat=49.391654&z=16.50&ansicht=komplex&lang=de&poi=playground-11&skipIntro=1","185.684","240.822","288.491","351.31","435.639","439.317","397.747","328.717","250.809","147.002","20.482","0","0","239.293","311.342","406.718","439.982","483.956","488.316","450.416","379.661","287.342","185.894","67.124","0","0","288.568","361.974","445.587","496.729","511.509","520.211","481.265","371.764","290.395","217.089","120.029","14.973","0","312.206","384.731","468.711","516.379","526.039","531.149","488.797","390.733","305.923","235.167","146.285","25.106","0","331.072","412.278","476.855","530.785","555.503","546.122","502.199","425.6","328.946","248.535","166.018","62.625","0","339.383","414.823","499.506","533.182","565.55","547.669","507.877","427.912","332.732","270.178","171.947","68.924","7.79","338.01","413.45","477.332","531.564","563.901","546.118","502.676","426.544","331.367","268.775","170.644","67.806","0","327.567","400.01","472.93","526.517","551.135","542.011","498.37","402.124","325.23","245.032","159.712","57.362","0","306.292","379.071","471.188","509.213","518.722","524.185","483.655","384.613","300.13","229.332","136.719","22.778","0","281.336","354.612","437.12","474.649","502.115","497.531","472.643","364.048","282.978","209.776","118.712","12.096","0","199.752","269.074","353.529","412.634","471.233","469.423","438.889","358.667","274.242","174.712","57.608","0","0","175.691","229.281","279.28","341.291","398.437","426.881","385.634","317.05","239.378","131.653","16.345","0","0"
"Spielplatz","playground-12","","8.793952","49.392651","","","","","","","","","","156","291.822","328.165","0","01.04. 19:00","564.274","15.06. 12:00","https://kfg-gis-2026.github.io/web-map/?lng=8.793952&lat=49.392651&z=16.50&ansicht=komplex&lang=de&poi=playground-12&skipIntro=1","162.079","229.531","303.402","376.815","426.6","402.141","393.647","323.513","230.485","137.55","21.525","0","0","187.037","273.997","348.207","433.69","454.422","446.298","437.331","378.092","289.748","175.209","35.456","0","0","233.102","301.412","401.464","459.049","478.467","475.792","466.171","388.389","310.933","226.927","81.561","15.737","0","248.413","333.355","402.216","478.811","510.439","502.436","480.101","415.997","335.908","245.238","112.936","26.385","0","267.765","340.414","407.934","498.538","521.258","514.523","488.151","441.874","356.427","244.284","132.629","34.67","0","263.924","344.607","445.125","502.144","564.274","518.403","516.29","445.412","366.786","280.715","137.405","46.856","8.189","262.801","343.147","411.127","500.309","562.273","516.578","491.837","443.815","365.304","279.252","136.357","42.583","0","256.97","323.898","411.678","493.834","516.535","509.56","485.987","421.749","352.422","240.88","131.217","33.189","0","243.114","327.111","413.609","471.031","502.296","494.136","482.093","402.889","329.219","239.18","112.285","23.939","0","226.751","294.092","391.721","449.287","468.681","460.017","463.373","379.744","302.485","219.072","76.907","12.713","0","182.263","261.646","336.035","406.559","441.183","427.253","424.068","338.854","265.79","164.688","31.384","0","0","149.195","219.968","291.806","363.662","371.172","389.372","380.185","311.011","218.801","126.486","17.177","0","0"
"Spielplatz","playground-13","","8.784340","49.391700","","","","","","","","","","156","313.758","341.648","0","01.04. 19:00","664.604","15.06. 12:00","https://kfg-gis-2026.github.io/web-map/?lng=8.784340&lat=49.391700&z=16.50&ansicht=komplex&lang=de&poi=playground-13&skipIntro=1","127.892","226.072","324.565","383.579","434.798","389.752","340.765","258.618","148.359","88.012","24.472","0","0","185.689","294.547","391.207","468.399","499.043","466.924","399.683","321.504","194.871","114.808","40.31","0","0","241.91","351.884","487.478","523.386","555.695","534.644","488.863","376.138","256.305","154.127","54.581","17.89","0","301.1","412.079","530.185","572.635","605.75","576.101","530.6","426.78","295.168","186.325","101.314","29.996","0","344.717","478.718","556.287","632.176","656.454","632.416","560.521","457.977","329.733","209.524","117.656","39.415","0","357.711","484.591","564.419","617.511","664.604","647.562","572.533","476.465","346.235","235.581","124.544","42.897","9.307","352.168","482.613","559.534","615.297","662.295","645.258","565.39","474.401","344.503","234.143","122.827","42.267","0","342.532","463.727","550.528","624.095","650.205","619.96","548.887","448.45","323.388","206.186","116.672","37.731","0","279.142","399.613","505.138","562.979","595.679","566.497","512.205","401.765","282.234","175.18","92.302","27.215","0","227.271","342.718","477.234","511.031","543.626","518.228","479.92","356.337","241.275","146.081","51.473","14.452","0","159.201","269.749","373.083","432.732","473.842","436.638","379.345","296.519","184.449","108.399","35.68","0","0","121.004","200.586","295.815","379.67","399.537","368.602","321.635","233.723","140.163","79.379","19.529","0","0"
"Spielplatz","playground-14","","8.838963","49.397323","","","","yes","","","","","","156","325.599","348.447","0","01.04. 19:00","637.498","15.06. 13:00","https://kfg-gis-2026.github.io/web-map/?lng=8.838963&lat=49.397323&z=16.50&ansicht=komplex&lang=de&poi=playground-14&skipIntro=1","142.783","220.327","302.465","377.946","434.483","443.924","438.225","367.002","249.241","155.685","31.067","0","0","163.062","252.317","353.003","425.034","491.614","517.748","485.818","409.145","310.063","207.718","73.389","0","0","188.416","283.468","399.57","469.133","543.833","568.455","531.862","465.833","360.201","281.655","119.955","16.113","0","213.1","306.843","420.136","504.209","586.797","599.009","573.331","490.485","400.061","313.701","180.182","42.638","0","235.786","340.112","432.258","533.184","603.252","619.097","590.176","525.953","436.033","335.663","218.462","71.691","0","236.428","352.387","435.704","546.799","618.507","637.498","604.892","539.214","447.091","349.258","235.062","89.063","8.392","235.244","347.635","434.123","545.013","616.525","631.996","602.968","532.719","445.195","347.3","231.917","87.581","0","232.545","331.623","438.155","528.513","597.969","613.782","594.197","520.721","427.587","328.703","209.592","68.207","0","203.988","297.188","412.839","491.006","568.928","579.981","561.596","482.07","388.01","305.127","164.066","34.25","0","178.255","276.754","391.1","454.583","530.857","552.332","539.356","440.08","350.352","269.272","108.026","13.353","0","156.34","243.872","334.058","411.641","473.501","492.688","463.939","394.141","281.52","191.916","60.094","0","0","136.257","207.635","292.373","359.592","412.865","425.064","414.122","344.347","236.217","141.33","23.702","0","0"
"Spielplatz","playground-15","Kraichgaustraße 1/1","8.804382","49.399885","","","","","","","","","","156","468.586","541.82","0","01.04. 19:00","864.915","15.06. 12:00","https://kfg-gis-2026.github.io/web-map/?lng=8.804382&lat=49.399885&z=16.50&ansicht=komplex&lang=de&poi=playground-15&skipIntro=1","271.771","423.533","548.248","639.138","683.395","673.709","598.162","490.212","329.269","155.383","26.719","0","0","346.767","498.19","623.136","710.698","743.961","738.034","671.334","566.535","401.569","221.535","44.012","0","0","401.845","547.879","678.132","764.47","802.76","791.62","727.048","609.977","460.175","291.194","59.594","19.545","0","439.034","582.74","712.692","797.024","834.427","823.788","761.118","650.656","511.186","334.719","69.453","32.762","0","470.311","617.548","737.908","820.155","856.631","846.431","785.61","689.629","545.768","364.836","109.801","43.046","0","482.114","626.69","746.247","827.513","864.915","853.535","799.961","698.891","556.39","396.016","146.317","46.847","10.185","479.367","623.749","743.201","824.423","861.775","850.422","790.453","695.818","553.447","393.231","133.03","46.16","0","462.986","601.567","729.666","811.767","848.177","837.969","777.211","676.338","537.871","357.979","121.964","41.207","0","427.066","569.832","698.742","782.712","819.953","809.311","746.829","636.956","498.174","323.528","66.769","29.726","0","384.991","531.731","660.405","746.121","784.134","773.005","708.786","592.798","444.442","277.985","56.2","15.792","0","310.954","464.191","598.613","674.303","718.225","712.059","645.842","537.396","373.017","202.726","38.957","0","0","250.43","397.649","523.217","612.338","649.913","645.927","571.56","465.182","306.048","141.284","21.322","0","0"
"Spielplatz","playground-16","Dilsbergerhof am Friedhof","8.839988","49.380594","","","","","","","","","","156","291.144","298.25","0","01.04. 19:00","589.887","15.06. 14:00","https://kfg-gis-2026.github.io/web-map/?lng=8.839988&lat=49.380594&z=16.50&ansicht=komplex&lang=de&poi=playground-16&skipIntro=1","85.787","115.421","170.711","237.696","337.566","332.499","393.548","373.878","307.104","199.296","22.082","0","0","109.632","134.14","215.434","294.15","401.155","437.441","476.823","431.933","365.433","254.964","115.073","0","0","124.832","167.426","274.937","344.857","467.509","493.868","527.436","478.718","420.068","311.544","177.156","16.129","0","142.809","191.465","291.716","383.355","509.995","536.909","554.553","519.932","451.303","342.913","221.959","27.053","0","139.925","218.355","316.549","434.334","547.221","569.589","585.324","558.026","471.507","366.761","252.163","93.036","0","147.451","231.903","337.662","451.933","552.922","568.569","589.887","563.286","486.484","392.364","262.873","128.522","8.372","144.504","231.028","336.488","450.381","551.041","566.704","587.821","561.147","484.307","390.055","260.623","126.074","0","138.382","216.031","321.868","422.05","542.238","564.448","579.705","543.668","465.71","360.922","245.212","70.165","0","135.223","182.692","292.259","377.463","495.766","528.497","551.098","507.29","441.393","333.128","203.582","24.543","0","117.871","158.792","270.866","338.722","449.682","482.241","515.844","467.007","407.741","295.603","166.765","13.027","0","103.736","130.061","196.708","268.166","381.006","400.098","452.793","409.593","339.745","237.064","94.627","0","0","81.9","109.317","165.038","222.218","300.897","321.612","376.317","357.735","287.141","182.156","17.622","0","0"
"Spielplatz","playground-17","Hanna-Weis-Platz","8.805158","49.397774","","","","","","","","Stadt Neckargemünd","","156","480.13","551.512","0","01.04. 19:00","879.254","15.06. 12:00","https://kfg-gis-2026.github.io/web-map/?lng=8.805158&lat=49.397774&z=16.50&ansicht=komplex&lang=de&poi=playground-17&skipIntro=1","234.784","427.474","567.426","661.522","714.965","700.25","642.399","521.718","353.304","168.57","26.434","0","0","326.296","493.335","624.983","723.671","772.577","763.173","705.773","592.432","430.046","232.946","43.783","0","0","377.581","535.802","686.316","776.846","821.406","814.609","759.543","636.639","485.371","292.645","125.159","19.333","0","414.336","568.326","716.152","810.212","853.421","846.794","788.364","671.734","532.222","329.391","162.251","32.409","0","443.137","609.872","741.092","831.006","873.293","867.133","812.97","707.869","555.284","353.777","186.883","42.583","0","454.357","618.409","750.219","837.415","879.254","873.28","819.869","716.002","562.231","389.039","199.08","46.343","10.07","451.839","615.618","745.617","834.447","876.255","870.267","816.868","713.042","559.443","386.49","197.145","45.664","0","436.414","587.773","733.191","822.926","865.114","858.919","804.807","688.246","547.739","350.34","183.797","40.764","0","401.458","556.158","704.685","796.345","839.33","832.688","776.951","658.393","513.755","318.977","150.256","29.405","0","359.29","520.521","669.179","755.447","803.323","794.396","741.516","619.675","469.772","276.786","114.116","15.62","0","269.234","469.512","601.539","699.01","747.29","737.903","680.767","560.029","394.227","215.242","38.541","0","0","219.828","401.25","542.699","635.174","682.799","673.044","615.529","496.605","331.102","151.855","21.094","0","0"
"Spielplatz","playground-18","","8.855526","49.387694","","","","","","","","","","156","328.591","354.579","0","01.04. 19:00","652.304","15.06. 12:00","https://kfg-gis-2026.github.io/web-map/?lng=8.855526&lat=49.387694&z=16.50&ansicht=komplex&lang=de&poi=playground-18&skipIntro=1","157.637","241.068","310.072","379.814","439.285","429.765","387.749","325.602","223.59","76.708","23.519","0","0","202.821","289.261","371.17","461.007","501.375","501.283","453.766","381.681","289.461","176.329","38.74","0","0","235.796","330.424","437.721","514.747","564.71","554.121","518.776","442.318","351.115","236.936","60.216","17.188","0","267.365","362.37","474.375","560.801","609.992","594.274","555.067","471.651","391.67","272.066","152.055","28.823","0","288.92","398.761","509.229","600.092","641.264","631.267","586.488","500.814","421.271","305.408","189.137","37.876","0","292.909","410.332","528.857","607.664","652.304","637.832","599.964","513.673","430.614","333.493","202.666","57.223","8.935","290.454","408.662","524.293","605.424","649.929","635.511","592.701","511.527","428.602","331.386","199.829","52.69","0","285.085","390.1","507.08","592.215","633.304","621.785","581.763","490.434","409.478","300.218","183.081","36.257","0","260.465","342.709","469.474","550.332","592.109","580.874","544.244","457.85","378.011","263.937","136.487","26.15","0","227.84","318.887","431.122","503.007","548.304","539.317","507.605","425.918","339.424","224.544","49.985","13.884","0","185.604","273.61","350.615","429.314","474.479","469.254","434.427","358.388","266.866","153.707","34.291","0","0","145.291","223.668","291.295","358.043","397.549","406.249","372.818","307.427","205.469","55.573","18.769","0","0"
"Spielplatz","playground-19","","8.793913","49.393097","","","","","","","","","Das Spielen auf dem Schulhof ist für Kinder bis 14 Jahre von Montag bis Freitag 14.30 bis 18.30 erlaubt.","156","417.056","452.075","0","01.04. 19:00","811.328","15.06. 12:00","https://kfg-gis-2026.github.io/web-map/?lng=8.793913&lat=49.393097&z=16.50&ansicht=komplex&lang=de&poi=playground-19&skipIntro=1","231.553","365.989","474.162","560.895","609.315","598.146","522.724","392.732","243.304","99.86","26.312","0","0","296.032","435.211","548.502","631.522","677.504","663.884","592.121","468.033","316.269","139.394","43.34","0","0","358.265","498.838","622.901","689.219","729.654","724.273","655.973","524.544","371.152","201.755","75.424","19.237","0","402.607","545.9","654.886","739.18","776.896","764.829","680.621","564.921","419.66","258.12","96.058","32.253","0","434.572","571.245","681.244","762.71","800.125","789.023","709.005","595.051","446.412","289.204","124.624","42.38","0","446.199","586.739","699.654","770.355","811.328","797.159","724.369","607.746","458.907","312.723","141.099","46.124","10.011","443.736","584.003","689.783","767.357","808.27","794.055","717.867","604.9","456.359","310.494","137.195","45.447","0","428.043","562.969","676.972","754.587","791.833","780.643","707.777","586.22","439.61","283.64","119.41","40.57","0","387.819","527.249","645.254","725.388","762.78","750.594","680.037","546.251","401.368","248.12","89.668","29.263","0","344.153","479.696","606.561","672.098","711.979","702.906","638.539","508.947","357.752","188.165","70.461","15.541","0","273.982","408.473","521.626","605.565","652.922","636.19","568.446","436.847","293.359","122.865","38.363","0","0","212.702","337.517","447.792","534.009","583.415","569.503","493.445","368.935","220.382","89.039","20.997","0","0"
